target,model,roc_auc,pr_auc,f1,brier
next_3m_delinquency_flag,LR_val,0.6518,0.4671,0.453,0.2209
next_3m_delinquency_flag,LR_test,0.6618,0.4887,0.4089,0.2132
next_3m_delinquency_flag,LGBM_val,0.7519,0.6212,0.5013,0.1867
next_3m_delinquency_flag,LGBM_test,0.7129,0.5732,0.4604,0.1973
next_6m_delinquency_flag,LR_val,0.6463,0.6106,0.3518,0.2524
next_6m_delinquency_flag,LR_test,0.658,0.6148,0.2262,0.2688
next_6m_delinquency_flag,LGBM_val,0.7897,0.7685,0.7332,0.1909
next_6m_delinquency_flag,LGBM_test,0.7098,0.6873,0.6801,0.2161
next_12m_default_flag,LR_val,0.7247,0.3017,0.3407,0.1373
next_12m_default_flag,LR_test,0.6966,0.2743,0.1665,0.1222
next_12m_default_flag,LGBM_val,0.7247,0.3017,0.3407,0.1373
next_12m_default_flag,LGBM_test,0.6966,0.2743,0.1665,0.1222
next_12m_prepayment_flag,LR_val,0.5717,0.3044,0.434,0.2414
next_12m_prepayment_flag,LR_test,0.5652,0.315,0.4377,0.2459
next_12m_prepayment_flag,LGBM_val,0.5717,0.3044,0.434,0.2414
next_12m_prepayment_flag,LGBM_test,0.5652,0.315,0.4377,0.2459