segment_col,segment_val,scenario,default_rate,n_loans
credit_score_band,Fair,base,0.2683,791
credit_score_band,Fair,adverse_credit,0.2619,791
credit_score_band,Fair,high_prepayment,0.2557,791
credit_score_band,Good,base,0.2009,1784
credit_score_band,Good,adverse_credit,0.1956,1784
credit_score_band,Good,high_prepayment,0.1902,1784
credit_score_band,Excellent,base,0.1652,1360
credit_score_band,Excellent,adverse_credit,0.172,1360
credit_score_band,Excellent,high_prepayment,0.1559,1360
credit_score_band,Poor,base,0.2921,210
credit_score_band,Poor,adverse_credit,0.2857,210
credit_score_band,Poor,high_prepayment,0.2784,210
state,CA,base,0.2146,414
state,CA,adverse_credit,0.2137,414
state,CA,high_prepayment,0.2037,414
state,FL,base,0.1891,468
state,FL,adverse_credit,0.1894,468
state,FL,high_prepayment,0.1789,468
state,TX,base,0.2043,456
state,TX,adverse_credit,0.2039,456
state,TX,high_prepayment,0.1937,456
state,IL,base,0.2125,479
state,IL,adverse_credit,0.2122,479
state,IL,high_prepayment,0.2016,479
state,NY,base,0.1952,458
state,NY,adverse_credit,0.1945,458
state,NY,high_prepayment,0.1849,458
state,WA,base,0.2215,499
state,WA,adverse_credit,0.2207,499
state,WA,high_prepayment,0.2103,499
state,NV,base,0.2101,397
state,NV,adverse_credit,0.2105,397
state,NV,high_prepayment,0.1996,397
state,OH,base,0.1904,401
state,OH,adverse_credit,0.1916,401
state,OH,high_prepayment,0.1801,401
state,GA,base,0.2111,417
state,GA,adverse_credit,0.2104,417
state,GA,high_prepayment,0.2,417
state,AZ,base,0.197,435
state,AZ,adverse_credit,0.1969,435
state,AZ,high_prepayment,0.1864,435
servicer_name,ServicerB,base,0.2047,1115
servicer_name,ServicerB,adverse_credit,0.2044,1115
servicer_name,ServicerB,high_prepayment,0.194,1115
servicer_name,ServicerD,base,0.2054,1148
servicer_name,ServicerD,adverse_credit,0.2053,1148
servicer_name,ServicerD,high_prepayment,0.1948,1148
servicer_name,ServicerC,base,0.2111,1069
servicer_name,ServicerC,adverse_credit,0.2107,1069
servicer_name,ServicerC,high_prepayment,0.2003,1069
servicer_name,ServicerA,base,0.1977,1092
servicer_name,ServicerA,adverse_credit,0.1977,1092
servicer_name,ServicerA,high_prepayment,0.1872,1092
